{
    "adg": 0.004323197546122426,
    "adg_per_exposure_long": 0.0006745510291968211,
    "adg_per_exposure_short": 0.0,
    "adg_w": null,
    "adg_w_per_exposure_long": null,
    "adg_w_per_exposure_short": null,
    "btc_adg": 0.003009340858254772,
    "btc_adg_per_exposure_long": 0.0004695492055320287,
    "btc_adg_per_exposure_short": 0.0,
    "btc_adg_w": null,
    "btc_adg_w_per_exposure_long": null,
    "btc_adg_w_per_exposure_short": null,
    "btc_calmar_ratio": 0.0009356855253732584,
    "btc_calmar_ratio_w": null,
    "btc_drawdown_worst": 3.216188320380721,
    "btc_drawdown_worst_mean_1pct": 3.0963174738271535,
    "btc_equity_balance_diff_neg_max": 46.45829833104608,
    "btc_equity_balance_diff_neg_mean": 0.026341213950730757,
    "btc_equity_balance_diff_pos_max": 31.091400149960776,
    "btc_equity_balance_diff_pos_mean": 0.03958969182162893,
    "btc_equity_choppiness": 18.40819533857736,
    "btc_equity_choppiness_w": 4.623270645458746,
    "btc_equity_jerkiness": 0.25678784016701933,
    "btc_equity_jerkiness_w": 0.05885472842399366,
    "btc_expected_shortfall_1pct": 1.8480933971048583,
    "btc_exponential_fit_error": null,
    "btc_exponential_fit_error_w": null,
    "btc_gain": 245.1398387700986,
    "btc_gain_per_exposure_long": 38.24931171323118,
    "btc_gain_per_exposure_short": 0.0,
    "btc_loss_profit_ratio": 0.5670949666841304,
    "btc_loss_profit_ratio_w": 0.2768354220948323,
    "btc_mdg": 0.0024674042836988607,
    "btc_mdg_per_exposure_long": 0.00038499052640019675,
    "btc_mdg_per_exposure_short": 0.0,
    "btc_mdg_w": 0.0010747893600200184,
    "btc_mdg_w_per_exposure_long": 0.00016770000936495842,
    "btc_mdg_w_per_exposure_short": 0.0,
    "btc_omega_ratio": 3.173182655280031,
    "btc_omega_ratio_w": 2.2621761962800915,
    "btc_sharpe_ratio": 0.009539235161238446,
    "btc_sharpe_ratio_w": null,
    "btc_sortino_ratio": 0.007666788344586314,
    "btc_sortino_ratio_w": null,
    "btc_sterling_ratio": 0.0009719096583901407,
    "btc_sterling_ratio_w": null,
    "calmar_ratio": 0.002584424696975525,
    "calmar_ratio_w": null,
    "drawdown_worst": 1.6727891322125712,
    "drawdown_worst_mean_1pct": 1.660869844158139,
    "equity_balance_diff_neg_max": 46.45829833104609,
    "equity_balance_diff_neg_mean": 0.03077344270817608,
    "equity_balance_diff_pos_max": 31.23141083417467,
    "equity_balance_diff_pos_mean": 0.04254129910565067,
    "equity_choppiness": 9.31967900837231,
    "equity_choppiness_w": 5.792654138936064,
    "equity_jerkiness": 0.6169358589567693,
    "equity_jerkiness_w": 0.11295458059938221,
    "expected_shortfall_1pct": 1.838930003805255,
    "exponential_fit_error": null,
    "exponential_fit_error_w": null,
    "gain": 2693.8135199906555,
    "gain_per_exposure_long": 420.3172913076386,
    "gain_per_exposure_short": 0.0,
    "loss_profit_ratio": 0.4297086969278641,
    "loss_profit_ratio_long": 0.4297086969278641,
    "loss_profit_ratio_short": 1.0,
    "loss_profit_ratio_w": 0.22159745860742291,
    "mdg": 0.0022953641098247633,
    "mdg_per_exposure_long": 0.00035814699794426016,
    "mdg_per_exposure_short": 0.0,
    "mdg_w": 0.0023408499973887635,
    "mdg_w_per_exposure_long": 0.00036524418745338796,
    "mdg_w_per_exposure_short": 0.0,
    "omega_ratio": 3.291603661575132,
    "omega_ratio_w": 1.7233373712290252,
    "pnl_ratio_long_short": 1.0,
    "position_held_hours_max": 589.4,
    "position_held_hours_mean": 0.06756715516989904,
    "position_held_hours_median": 0.016666666666666666,
    "position_unchanged_hours_max": 164.43333333333334,
    "positions_held_per_day": 243.38995084653195,
    "sharpe_ratio": 0.013649288290668738,
    "sharpe_ratio_w": null,
    "sortino_ratio": 0.011134673236104568,
    "sortino_ratio_w": null,
    "sterling_ratio": 0.0026029719073584396,
    "sterling_ratio_w": null,
    "volume_pct_per_day_avg": 1.410736541651774,
    "volume_pct_per_day_avg_w": 1.413374897964853
}