{
    "adg": 0.0021499432946778807,
    "adg_per_exposure_long": 0.0010749716473389404,
    "adg_per_exposure_short": 0.0,
    "adg_w": 0.001751464032537764,
    "adg_w_per_exposure_long": 0.000875732016268882,
    "adg_w_per_exposure_short": 0.0,
    "btc_adg": 0.0007191081596711335,
    "btc_adg_per_exposure_long": 0.00035955407983556675,
    "btc_adg_per_exposure_short": 0.0,
    "btc_adg_w": 0.0005030940642676729,
    "btc_adg_w_per_exposure_long": 0.00025154703213383647,
    "btc_adg_w_per_exposure_short": 0.0,
    "btc_calmar_ratio": 0.00292902702984615,
    "btc_calmar_ratio_w": 0.004368224056833678,
    "btc_drawdown_worst": 0.24551093327018744,
    "btc_drawdown_worst_mean_1pct": 0.14243692176088887,
    "btc_equity_balance_diff_neg_max": 0.24021364816217347,
    "btc_equity_balance_diff_neg_mean": 0.001171300063618403,
    "btc_equity_balance_diff_pos_max": 0.0398570008068147,
    "btc_equity_balance_diff_pos_mean": 7.696456876210344e-05,
    "btc_equity_choppiness": 2.98031837488455,
    "btc_equity_choppiness_w": 3.2040530248806625,
    "btc_equity_jerkiness": 0.0029287777322193824,
    "btc_equity_jerkiness_w": 0.002556048918516956,
    "btc_expected_shortfall_1pct": 0.09615290248295376,
    "btc_exponential_fit_error": 0.024100038131865283,
    "btc_exponential_fit_error_w": 0.0025477881000153754,
    "btc_gain": 4.180834857711382,
    "btc_gain_per_exposure_long": 2.090417428855691,
    "btc_gain_per_exposure_short": 0.0,
    "btc_loss_profit_ratio": 0.28013549449273123,
    "btc_loss_profit_ratio_w": 0.3008574164689517,
    "btc_mdg": 0.00038327474015885794,
    "btc_mdg_per_exposure_long": 0.00019163737007942897,
    "btc_mdg_per_exposure_short": 0.0,
    "btc_mdg_w": 0.0003291639697727627,
    "btc_mdg_w_per_exposure_long": 0.00016458198488638134,
    "btc_mdg_w_per_exposure_short": 0.0,
    "btc_omega_ratio": 2.280722912699044,
    "btc_omega_ratio_w": 2.034452807169223,
    "btc_sharpe_ratio": 0.04048804034211355,
    "btc_sharpe_ratio_w": 0.034242208435029474,
    "btc_sortino_ratio": 0.03856327346031257,
    "btc_sortino_ratio_w": 0.036594665610453166,
    "btc_sterling_ratio": 0.005048607838340622,
    "btc_sterling_ratio_w": 0.005732370523009994,
    "calmar_ratio": 0.0029892687893924917,
    "calmar_ratio_w": 0.005826565067888164,
    "drawdown_worst": 0.7192204669941418,
    "drawdown_worst_mean_1pct": 0.6929466297694693,
    "equity_balance_diff_neg_max": 0.24021364816217344,
    "equity_balance_diff_neg_mean": 0.005630023984198155,
    "equity_balance_diff_pos_max": 0.2065902977164571,
    "equity_balance_diff_pos_mean": 0.004339655550181609,
    "equity_choppiness": 11.724143848413293,
    "equity_choppiness_w": 10.694448943442495,
    "equity_jerkiness": 0.034443617146041876,
    "equity_jerkiness_w": 0.02723004259358049,
    "expected_shortfall_1pct": 0.19490998735700932,
    "exponential_fit_error": 0.25884549905036813,
    "exponential_fit_error_w": 0.03603927535192589,
    "gain": 71.79354667540717,
    "gain_per_exposure_long": 35.896773337703586,
    "gain_per_exposure_short": 0.0,
    "loss_profit_ratio": 0.2613151556591098,
    "loss_profit_ratio_long": 0.2613151556591098,
    "loss_profit_ratio_short": 1.0,
    "loss_profit_ratio_w": 0.2789167712198563,
    "mdg": 0.0010688133112502086,
    "mdg_per_exposure_long": 0.0005344066556251043,
    "mdg_per_exposure_short": 0.0,
    "mdg_w": 0.001513046756419308,
    "mdg_w_per_exposure_long": 0.000756523378209654,
    "mdg_w_per_exposure_short": 0.0,
    "omega_ratio": 1.2733241132807605,
    "omega_ratio_w": 1.2699207544546245,
    "pnl_ratio_long_short": 1.0,
    "position_held_hours_max": 835.2666666666667,
    "position_held_hours_mean": 8.682851011007418,
    "position_held_hours_median": 1.3,
    "position_unchanged_hours_max": 463.35,
    "positions_held_per_day": 11.2,
    "sharpe_ratio": 0.053516037536214735,
    "sharpe_ratio_w": 0.05640895558678346,
    "sortino_ratio": 0.049401264913590794,
    "sortino_ratio_w": 0.05411728664966072,
    "sterling_ratio": 0.0031026102189040555,
    "sterling_ratio_w": 0.006272109623485611,
    "volume_pct_per_day_avg": 0.24846126150966968,
    "volume_pct_per_day_avg_w": 0.20234205545180856
}